clade	gene	site	alt
PV2	nuc	418	T
PV2	nuc	568	C
PV2	nuc	757	C
PV2	nuc	96	T
PV2	nuc	99	C
PV3	nuc	261	T
PV3	nuc	327	C
PV3	nuc	387	T
PV3	nuc	700	G
PV1	nuc	604	T
PV1	nuc	3	C
PV1	nuc	4	T
PV1	nuc	90	C
PV1	nuc	91	G
PV1	nuc	108	A
CVA13	nuc	715	C
CVA13	nuc	99	C
CVA13	nuc	100	A
CVA13	nuc	141	T
CVA13	nuc	165	A
CVA13	nuc	180	T
CVA17	nuc	413	C
CVA17	nuc	452	G
CVA17	nuc	91	C
CVA17	nuc	108	A
CVA17	nuc	114	A
CVA20	nuc	163	G
CVA20	nuc	178	T
CVA20	nuc	93	T
CVA20	nuc	179	T
CVA20	nuc	189	T
EVC105	nuc	270	G
EVC105	nuc	698	C
EVC105	nuc	3	G
EVC105	nuc	90	G
EVC105	nuc	91	A
EVC109	nuc	272	A
EVC109	nuc	332	C
EVC109	nuc	366	G
EVC109	nuc	729	G
EVC109	nuc	760	C
EVC109	nuc	771	T
EVC118	nuc	91	T
EVC118	nuc	151	A
EVC118	nuc	327	C
EVC118	nuc	331	G
EVC118	nuc	411	G
EVC118	nuc	601	G
EVC117	nuc	246	C
EVC117	nuc	384	G
EVC117	nuc	402	G
EVC117	nuc	502	T
EVC117	nuc	898	A
EVC104	nuc	200	A
EVC104	nuc	332	A
EVC104	nuc	447	G
EVC104	nuc	839	T
CVA19	nuc	853	A
CVA19	nuc	5	C
CVA19	nuc	126	T
CVA19	nuc	132	A
CVA19	nuc	167	A
CVA1/CVA22/EVC113/EVC116	nuc	173	A
CVA1/CVA22/EVC113/EVC116	nuc	340	C
CVA1/CVA22/EVC113/EVC116	nuc	840	G
CVA1/CVA22/EVC113/EVC116	nuc	841	A
CVA1/CVA22/EVC113/EVC116	nuc	842	A
CVA24	nuc	94	T
CVA24	nuc	896	A
CVA24	nuc	902	A
CVA24	nuc	904	A
CVA21	nuc	314	A
CVA21	nuc	325	A
CVA21	nuc	326	A
CVA21	nuc	445	G
CVA21	nuc	566	A
EVC99	nuc	452	A
EVC99	nuc	458	C
EVC99	nuc	5	C
EVC99	nuc	147	T
EVC99	nuc	231	G
EVC96	nuc	193	A
EVC96	nuc	195	A
EVC96	nuc	235	A
EVC96	nuc	236	G
EVC96	nuc	259	A
EVC96	nuc	317	G
CVA11	nuc	160	G
CVA11	nuc	205	G
CVA11	nuc	412	C
CVA11	nuc	454	T
CVA11	nuc	554	T